1,"FalconSat","2006-03-24T22:30:00.000Z",false,"5e9e4502f5090995de566f86","5e9d0d95eda69955f709d1eb","5eb0e4b5b6c3bb0006eeb1e1"
2,"DemoSat","2007-03-21T01:10:00.000Z",false,"5e9e4502f5090995de566f86","5e9d0d95eda69955f709d1eb","5eb0e4b6b6c3bb0006eeb1e2"
3,"Trailblazer","2008-08-03T03:34:00.000Z",false,"5e9e4502f5090995de566f86","5e9d0d95eda69955f709d1eb","5eb0e4b6b6c3bb0006eeb1e3"
3,"Trailblazer","2008-08-03T03:34:00.000Z",false,"5e9e4502f5090995de566f86","5e9d0d95eda69955f709d1eb","5eb0e4b6b6c3bb0006eeb1e4"
4,"RatSat","2008-09-28T23:15:00.000Z",true,"5e9e4502f5090995de566f86","5e9d0d95eda69955f709d1eb","5eb0e4b7b6c3bb0006eeb1e5"
5,"RazakSat","2009-07-13T03:35:00.000Z",true,"5e9e4502f5090995de566f86","5e9d0d95eda69955f709d1eb","5eb0e4b7b6c3bb0006eeb1e6"
6,"Falcon 9 Test Flight","2010-06-04T18:45:00.000Z",true,"5e9e4501f509094ba4566f84","5e9d0d95eda69973a809d1ec","5eb0e4b7b6c3bb0006eeb1e7"
7,"COTS 1","2010-12-08T15:43:00.000Z",true,"5e9e4501f509094ba4566f84","5e9d0d95eda69973a809d1ec","5eb0e4b9b6c3bb0006eeb1e8"
7,"COTS 1","2010-12-08T15:43:00.000Z",true,"5e9e4501f509094ba4566f84","5e9d0d95eda69973a809d1ec","5eb0e4b9b6c3bb0006eeb1e9"
8,"COTS 2","2012-05-22T07:44:00.000Z",true,"5e9e4501f509094ba4566f84","5e9d0d95eda69973a809d1ec","5eb0e4bab6c3bb0006eeb1ea"
9,"CRS-1","2012-10-08T00:35:00.000Z",true,"5e9e4501f509094ba4566f84","5e9d0d95eda69973a809d1ec","5eb0e4bab6c3bb0006eeb1eb"
9,"CRS-1","2012-10-08T00:35:00.000Z",true,"5e9e4501f509094ba4566f84","5e9d0d95eda69973a809d1ec","5eb0e4bab6c3bb0006eeb1ec"
10,"CRS-2","2013-03-01T19:10:00.000Z",true,"5e9e4501f509094ba4566f84","5e9d0d95eda69973a809d1ec","5eb0e4bbb6c3bb0006eeb1ed"
11,"CASSIOPE","2013-09-29T16:00:00.000Z",true,"5e9e4502f509092b78566f87","5e9d0d95eda69973a809d1ec","5eb0e4bbb6c3bb0006eeb1ee"
12,"SES-8","2013-12-03T22:41:00.000Z",true,"5e9e4501f509094ba4566f84","5e9d0d95eda69973a809d1ec","5eb0e4bbb6c3bb0006eeb1ef"
13,"Thaicom 6","2014-01-06T18:06:00.000Z",true,"5e9e4501f509094ba4566f84","5e9d0d95eda69973a809d1ec","5eb0e4bbb6c3bb0006eeb1f0"
14,"CRS-3","2014-04-18T19:25:00.000Z",true,"5e9e4501f509094ba4566f84","5e9d0d95eda69973a809d1ec","5eb0e4bbb6c3bb0006eeb1f1"
15,"OG-2 Mission 1","2014-07-14T15:15:00.000Z",true,"5e9e4501f509094ba4566f84","5e9d0d95eda69973a809d1ec","5eb0e4bcb6c3bb0006eeb1f2"
16,"AsiaSat 8","2014-08-05T08:00:00.000Z",true,"5e9e4501f509094ba4566f84","5e9d0d95eda69973a809d1ec","5eb0e4bcb6c3bb0006eeb1f3"
17,"AsiaSat 6","2014-09-07T05:00:00.000Z",true,"5e9e4501f509094ba4566f84","5e9d0d95eda69973a809d1ec","5eb0e4bcb6c3bb0006eeb1f4"
18,"CRS-4","2014-09-21T05:52:00.000Z",true,"5e9e4501f509094ba4566f84","5e9d0d95eda69973a809d1ec","5eb0e4bcb6c3bb0006eeb1f5"
19,"CRS-5","2015-01-10T09:47:00.000Z",true,"5e9e4501f509094ba4566f84","5e9d0d95eda69973a809d1ec","5eb0e4bdb6c3bb0006eeb1f6"
20,"DSCOVR","2015-02-11T23:03:00.000Z",true,"5e9e4501f509094ba4566f84","5e9d0d95eda69973a809d1ec","5eb0e4bdb6c3bb0006eeb1f7"
21,"ABS-3A / Eutelsat 115W B","2015-03-02T03:50:00.000Z",true,"5e9e4501f509094ba4566f84","5e9d0d95eda69973a809d1ec","5eb0e4bdb6c3bb0006eeb1f8"
21,"ABS-3A / Eutelsat 115W B","2015-03-02T03:50:00.000Z",true,"5e9e4501f509094ba4566f84","5e9d0d95eda69973a809d1ec","5eb0e4bdb6c3bb0006eeb1f9"
22,"CRS-6","2015-04-14T20:10:00.000Z",true,"5e9e4501f509094ba4566f84","5e9d0d95eda69973a809d1ec","5eb0e4bdb6c3bb0006eeb1fa"
23,"TürkmenÄlem 52°E / MonacoSAT","2015-04-27T23:03:00.000Z",true,"5e9e4501f509094ba4566f84","5e9d0d95eda69973a809d1ec","5eb0e4beb6c3bb0006eeb1fb"
24,"CRS-7","2015-06-28T14:21:00.000Z",false,"5e9e4501f509094ba4566f84","5e9d0d95eda69973a809d1ec","5eb0e4beb6c3bb0006eeb1fc"
25,"OG-2 Mission 2","2015-12-22T01:29:00.000Z",true,"5e9e4501f509094ba4566f84","5e9d0d95eda69973a809d1ec","5eb0e4beb6c3bb0006eeb1fd"
26,"Jason 3","2016-01-17T15:42:00.000Z",true,"5e9e4502f509092b78566f87","5e9d0d95eda69973a809d1ec","5eb0e4beb6c3bb0006eeb1fe"
27,"SES-9","2016-03-04T23:35:00.000Z",true,"5e9e4501f509094ba4566f84","5e9d0d95eda69973a809d1ec","5eb0e4beb6c3bb0006eeb1ff"
28,"CRS-8","2016-04-08T20:43:00.000Z",true,"5e9e4501f509094ba4566f84","5e9d0d95eda69973a809d1ec","5eb0e4bfb6c3bb0006eeb200"
29,"JCSAT-2B","2016-05-06T05:21:00.000Z",true,"5e9e4501f509094ba4566f84","5e9d0d95eda69973a809d1ec","5eb0e4bfb6c3bb0006eeb201"
30,"Thaicom 8","2016-05-27T21:39:00.000Z",true,"5e9e4501f509094ba4566f84","5e9d0d95eda69973a809d1ec","5eb0e4bfb6c3bb0006eeb202"
31,"ABS-2A / Eutelsat 117W B","2016-06-15T14:29:00.000Z",true,"5e9e4501f509094ba4566f84","5e9d0d95eda69973a809d1ec","5eb0e4bfb6c3bb0006eeb203"
31,"ABS-2A / Eutelsat 117W B","2016-06-15T14:29:00.000Z",true,"5e9e4501f509094ba4566f84","5e9d0d95eda69973a809d1ec","5eb0e4bfb6c3bb0006eeb204"
32,"CRS-9","2016-07-18T04:45:00.000Z",true,"5e9e4501f509094ba4566f84","5e9d0d95eda69973a809d1ec","5eb0e4c0b6c3bb0006eeb205"
33,"JCSAT-16","2016-08-14T05:26:00.000Z",true,"5e9e4501f509094ba4566f84","5e9d0d95eda69973a809d1ec","5eb0e4c1b6c3bb0006eeb206"
34,"Amos-6","2016-09-01T13:07:00.000Z",false,"5e9e4501f509094ba4566f84","5e9d0d95eda69973a809d1ec","5eb0e4c1b6c3bb0006eeb207"
35,"Iridium NEXT Mission 1","2017-01-14T17:54:00.000Z",true,"5e9e4502f509092b78566f87","5e9d0d95eda69973a809d1ec","5eb0e4c2b6c3bb0006eeb208"
36,"CRS-10","2017-02-19T14:39:00.000Z",true,"5e9e4502f509094188566f88","5e9d0d95eda69973a809d1ec","5eb0e4c3b6c3bb0006eeb209"
37,"EchoStar 23","2017-03-16T06:00:00.000Z",true,"5e9e4502f509094188566f88","5e9d0d95eda69973a809d1ec","5eb0e4c3b6c3bb0006eeb20a"
38,"SES-10","2017-03-30T22:27:00.000Z",true,"5e9e4502f509094188566f88","5e9d0d95eda69973a809d1ec","5eb0e4c3b6c3bb0006eeb20b"
39,"NROL-76","2017-05-01T11:15:00.000Z",true,"5e9e4502f509094188566f88","5e9d0d95eda69973a809d1ec","5eb0e4c3b6c3bb0006eeb20c"
40,"Inmarsat-5 F4","2017-05-15T23:21:00.000Z",true,"5e9e4502f509094188566f88","5e9d0d95eda69973a809d1ec","5eb0e4c3b6c3bb0006eeb20d"
41,"CRS-11","2017-06-03T21:07:00.000Z",true,"5e9e4502f509094188566f88","5e9d0d95eda69973a809d1ec","5eb0e4c4b6c3bb0006eeb20e"
42,"BulgariaSat-1","2017-06-23T19:10:00.000Z",true,"5e9e4502f509094188566f88","5e9d0d95eda69973a809d1ec","5eb0e4c4b6c3bb0006eeb20f"
43,"Iridium NEXT Mission 2","2017-06-25T20:25:00.000Z",true,"5e9e4502f509092b78566f87","5e9d0d95eda69973a809d1ec","5eb0e4c4b6c3bb0006eeb210"
44,"Intelsat 35e","2017-07-05T23:35:00.000Z",true,"5e9e4502f509094188566f88","5e9d0d95eda69973a809d1ec","5eb0e4c4b6c3bb0006eeb211"
45,"CRS-12","2017-08-14T16:31:00.000Z",true,"5e9e4502f509094188566f88","5e9d0d95eda69973a809d1ec","5eb0e4c4b6c3bb0006eeb212"
46,"FormoSat-5","2017-08-24T18:50:00.000Z",true,"5e9e4502f509092b78566f87","5e9d0d95eda69973a809d1ec","5eb0e4c4b6c3bb0006eeb213"
47,"Boeing X-37B OTV-5","2017-09-07T13:50:00.000Z",true,"5e9e4502f509094188566f88","5e9d0d95eda69973a809d1ec","5eb0e4c5b6c3bb0006eeb214"
48,"Iridium NEXT Mission 3","2017-10-09T12:37:00.000Z",true,"5e9e4502f509092b78566f87","5e9d0d95eda69973a809d1ec","5eb0e4c5b6c3bb0006eeb215"
49,"SES-11 / Echostar 105","2017-10-11T22:53:00.000Z",true,"5e9e4502f509094188566f88","5e9d0d95eda69973a809d1ec","5eb0e4c5b6c3bb0006eeb216"
50,"KoreaSat 5A","2017-10-30T19:34:00.000Z",true,"5e9e4502f509094188566f88","5e9d0d95eda69973a809d1ec","5eb0e4c5b6c3bb0006eeb217"
51,"CRS-13","2017-12-15T15:36:00.000Z",true,"5e9e4501f509094ba4566f84","5e9d0d95eda69973a809d1ec","5eb0e4c5b6c3bb0006eeb218"
52,"Iridium NEXT Mission 4","2017-12-23T01:27:23.000Z",true,"5e9e4502f509092b78566f87","5e9d0d95eda69973a809d1ec","5eb0e4c6b6c3bb0006eeb219"
53,"ZUMA","2018-01-08T01:00:00.000Z",true,"5e9e4501f509094ba4566f84","5e9d0d95eda69973a809d1ec","5eb0e4c6b6c3bb0006eeb21a"
54,"SES-16 / GovSat-1","2018-01-31T21:25:00.000Z",true,"5e9e4501f509094ba4566f84","5e9d0d95eda69973a809d1ec","5eb0e4c6b6c3bb0006eeb21b"
55,"Falcon Heavy Test Flight","2018-02-06T20:45:00.000Z",true,"5e9e4502f509094188566f88","5e9d0d95eda69974db09d1ed","5eb0e4c6b6c3bb0006eeb21c"
56,"Paz / Starlink Demo","2018-02-22T14:17:00.000Z",true,"5e9e4502f509092b78566f87","5e9d0d95eda69973a809d1ec","5eb0e4c6b6c3bb0006eeb21d"
56,"Paz / Starlink Demo","2018-02-22T14:17:00.000Z",true,"5e9e4502f509092b78566f87","5e9d0d95eda69973a809d1ec","5eb0e4c6b6c3bb0006eeb21e"
57,"Hispasat 30W-6","2018-03-06T05:33:00.000Z",true,"5e9e4501f509094ba4566f84","5e9d0d95eda69973a809d1ec","5eb0e4c7b6c3bb0006eeb21f"
58,"Iridium NEXT Mission 5","2018-03-30T14:13:51.000Z",true,"5e9e4502f509092b78566f87","5e9d0d95eda69973a809d1ec","5eb0e4c7b6c3bb0006eeb220"
59,"CRS-14","2018-04-02T20:30:41.000Z",true,"5e9e4501f509094ba4566f84","5e9d0d95eda69973a809d1ec","5eb0e4c7b6c3bb0006eeb221"
60,"TESS","2018-04-18T22:51:00.000Z",true,"5e9e4501f509094ba4566f84","5e9d0d95eda69973a809d1ec","5eb0e4c7b6c3bb0006eeb222"
61,"Bangabandhu-1","2018-05-11T20:14:00.000Z",true,"5e9e4502f509094188566f88","5e9d0d95eda69973a809d1ec","5eb0e4c7b6c3bb0006eeb223"
62,"Iridium NEXT Mission 6","2018-05-22T19:47:58.000Z",true,"5e9e4502f509092b78566f87","5e9d0d95eda69973a809d1ec","5eb0e4c7b6c3bb0006eeb224"
62,"Iridium NEXT Mission 6","2018-05-22T19:47:58.000Z",true,"5e9e4502f509092b78566f87","5e9d0d95eda69973a809d1ec","5eb0e4c8b6c3bb0006eeb225"
63,"SES-12","2018-06-04T04:45:00.000Z",true,"5e9e4501f509094ba4566f84","5e9d0d95eda69973a809d1ec","5eb0e4c8b6c3bb0006eeb226"
64,"CRS-15","2018-06-29T09:42:00.000Z",true,"5e9e4501f509094ba4566f84","5e9d0d95eda69973a809d1ec","5eb0e4c8b6c3bb0006eeb227"
65,"Telstar 19V","2018-07-22T05:50:00.000Z",true,"5e9e4501f509094ba4566f84","5e9d0d95eda69973a809d1ec","5eb0e4c8b6c3bb0006eeb228"
66,"Iridium NEXT Mission 7","2018-07-25T11:39:26.000Z",true,"5e9e4502f509092b78566f87","5e9d0d95eda69973a809d1ec","5eb0e4c9b6c3bb0006eeb229"
67,"Merah Putih","2018-08-07T05:18:00.000Z",true,"5e9e4501f509094ba4566f84","5e9d0d95eda69973a809d1ec","5eb0e4c9b6c3bb0006eeb22a"
68,"Telstar 18V","2018-09-10T04:45:00.000Z",true,"5e9e4501f509094ba4566f84","5e9d0d95eda69973a809d1ec","5eb0e4c9b6c3bb0006eeb22b"
69,"SAOCOM 1A","2018-10-08T02:22:00.000Z",true,"5e9e4502f509092b78566f87","5e9d0d95eda69973a809d1ec","5eb0e4c9b6c3bb0006eeb22c"
70,"Es’hail 2","2018-11-15T20:46:00.000Z",true,"5e9e4502f509094188566f88","5e9d0d95eda69973a809d1ec","5eb0e4c9b6c3bb0006eeb22d"
71,"SSO-A","2018-12-03T18:34:00.000Z",true,"5e9e4502f509092b78566f87","5e9d0d95eda69973a809d1ec","5eb0e4c9b6c3bb0006eeb22e"
72,"CRS-16","2018-12-05T18:16:00.000Z",true,"5e9e4501f509094ba4566f84","5e9d0d95eda69973a809d1ec","5eb0e4cab6c3bb0006eeb22f"
73,"GPS III SV01","2018-12-23T13:51:00.000Z",true,"5e9e4501f509094ba4566f84","5e9d0d95eda69973a809d1ec","5eb0e4cab6c3bb0006eeb230"
74,"Iridium NEXT Mission 8","2019-01-11T15:31:00.000Z",true,"5e9e4502f509092b78566f87","5e9d0d95eda69973a809d1ec","5eb0e4cab6c3bb0006eeb231"
75,"Nusantara Satu (PSN-6) / S5 / Beresheet","2019-02-22T01:45:00.000Z",true,"5e9e4501f509094ba4566f84","5e9d0d95eda69973a809d1ec","5eb0e4cab6c3bb0006eeb232"
75,"Nusantara Satu (PSN-6) / S5 / Beresheet","2019-02-22T01:45:00.000Z",true,"5e9e4501f509094ba4566f84","5e9d0d95eda69973a809d1ec","5eb0e4cab6c3bb0006eeb233"
75,"Nusantara Satu (PSN-6) / S5 / Beresheet","2019-02-22T01:45:00.000Z",true,"5e9e4501f509094ba4566f84","5e9d0d95eda69973a809d1ec","5eb0e4cab6c3bb0006eeb234"
76,"CCtCap Demo Mission 1","2019-03-02T07:45:00.000Z",true,"5e9e4502f509094188566f88","5e9d0d95eda69973a809d1ec","5eb0e4cbb6c3bb0006eeb235"
77,"ArabSat 6A","2019-04-11T22:35:00.000Z",true,"5e9e4502f509094188566f88","5e9d0d95eda69974db09d1ed","5eb0e4cbb6c3bb0006eeb236"
78,"CRS-17","2019-05-04T06:48:00.000Z",true,"5e9e4501f509094ba4566f84","5e9d0d95eda69973a809d1ec","5eb0e4cbb6c3bb0006eeb237"
79,"Starlink v0.9","2019-05-24T02:30:00.000Z",true,"5e9e4501f509094ba4566f84","5e9d0d95eda69973a809d1ec","5eb0e4cbb6c3bb0006eeb238"
80,"RADARSAT Constellation","2019-06-12T14:17:00.000Z",true,"5e9e4502f509092b78566f87","5e9d0d95eda69973a809d1ec","5eb0e4ccb6c3bb0006eeb239"
81,"STP-2","2019-06-25T03:30:00.000Z",true,"5e9e4502f509094188566f88","5e9d0d95eda69974db09d1ed","5eb0e4ccb6c3bb0006eeb23a"
81,"STP-2","2019-06-25T03:30:00.000Z",true,"5e9e4502f509094188566f88","5e9d0d95eda69974db09d1ed","5eb0e4ccb6c3bb0006eeb23b"
81,"STP-2","2019-06-25T03:30:00.000Z",true,"5e9e4502f509094188566f88","5e9d0d95eda69974db09d1ed","5eb0e4ccb6c3bb0006eeb23c"
81,"STP-2","2019-06-25T03:30:00.000Z",true,"5e9e4502f509094188566f88","5e9d0d95eda69974db09d1ed","5eb0e4ccb6c3bb0006eeb23d"
81,"STP-2","2019-06-25T03:30:00.000Z",true,"5e9e4502f509094188566f88","5e9d0d95eda69974db09d1ed","5eb0e4ccb6c3bb0006eeb23e"
81,"STP-2","2019-06-25T03:30:00.000Z",true,"5e9e4502f509094188566f88","5e9d0d95eda69974db09d1ed","5eb0e4cdb6c3bb0006eeb23f"
81,"STP-2","2019-06-25T03:30:00.000Z",true,"5e9e4502f509094188566f88","5e9d0d95eda69974db09d1ed","5eb0e4cdb6c3bb0006eeb240"
81,"STP-2","2019-06-25T03:30:00.000Z",true,"5e9e4502f509094188566f88","5e9d0d95eda69974db09d1ed","5eb0e4cdb6c3bb0006eeb241"
81,"STP-2","2019-06-25T03:30:00.000Z",true,"5e9e4502f509094188566f88","5e9d0d95eda69974db09d1ed","5eb0e4cdb6c3bb0006eeb242"
81,"STP-2","2019-06-25T03:30:00.000Z",true,"5e9e4502f509094188566f88","5e9d0d95eda69974db09d1ed","5eb0e4cdb6c3bb0006eeb243"
81,"STP-2","2019-06-25T03:30:00.000Z",true,"5e9e4502f509094188566f88","5e9d0d95eda69974db09d1ed","5eb0e4cdb6c3bb0006eeb244"
81,"STP-2","2019-06-25T03:30:00.000Z",true,"5e9e4502f509094188566f88","5e9d0d95eda69974db09d1ed","5eb0e4cdb6c3bb0006eeb245"
81,"STP-2","2019-06-25T03:30:00.000Z",true,"5e9e4502f509094188566f88","5e9d0d95eda69974db09d1ed","5eb0e4ceb6c3bb0006eeb246"
81,"STP-2","2019-06-25T03:30:00.000Z",true,"5e9e4502f509094188566f88","5e9d0d95eda69974db09d1ed","5eb0e4ceb6c3bb0006eeb247"
81,"STP-2","2019-06-25T03:30:00.000Z",true,"5e9e4502f509094188566f88","5e9d0d95eda69974db09d1ed","5eb0e4ceb6c3bb0006eeb248"
81,"STP-2","2019-06-25T03:30:00.000Z",true,"5e9e4502f509094188566f88","5e9d0d95eda69974db09d1ed","5eb0e4ceb6c3bb0006eeb249"
82,"CRS-18","2019-07-25T22:01:00.000Z",true,"5e9e4501f509094ba4566f84","5e9d0d95eda69973a809d1ec","5eb0e4ceb6c3bb0006eeb24a"
83,"Amos-17","2019-08-06T22:52:00.000Z",true,"5e9e4501f509094ba4566f84","5e9d0d95eda69973a809d1ec","5eb0e4cfb6c3bb0006eeb24b"
84,"Starlink-1","2019-11-11T14:56:00.000Z",true,"5e9e4501f509094ba4566f84","5e9d0d95eda69973a809d1ec","5eb0e4cfb6c3bb0006eeb24c"
85,"CRS-19","2019-12-05T17:29:23.000Z",true,"5e9e4501f509094ba4566f84","5e9d0d95eda69973a809d1ec","5eb0e4cfb6c3bb0006eeb24d"
86,"JCSat 18 / Kacific 1","2019-12-17T00:10:00.000Z",true,"5e9e4501f509094ba4566f84","5e9d0d95eda69973a809d1ec","5eb0e4cfb6c3bb0006eeb24e"
87,"Starlink-2","2020-01-07T02:19:00.000Z",true,"5e9e4501f509094ba4566f84","5e9d0d95eda69973a809d1ec","5eb0e4cfb6c3bb0006eeb24f"
88,"Crew Dragon In Flight Abort Test","2020-01-19T14:00:00.000Z",true,"5e9e4502f509094188566f88","5e9d0d95eda69973a809d1ec","5eb0e4d0b6c3bb0006eeb250"
89,"Starlink-3","2020-01-29T14:06:00.000Z",true,"5e9e4501f509094ba4566f84","5e9d0d95eda69973a809d1ec","5eb0e4d0b6c3bb0006eeb251"
90,"Starlink-4","2020-02-17T15:05:55.000Z",true,"5e9e4501f509094ba4566f84","5e9d0d95eda69973a809d1ec","5eb0e4d0b6c3bb0006eeb252"
91,"CRS-20","2020-03-07T04:50:31.000Z",true,"5e9e4501f509094ba4566f84","5e9d0d95eda69973a809d1ec","5eb0e4d0b6c3bb0006eeb253"
92,"Starlink-5","2020-03-18T12:16:00.000Z",true,"5e9e4502f509094188566f88","5e9d0d95eda69973a809d1ec","5eb0e4d0b6c3bb0006eeb254"
93,"Starlink-6","2020-04-22T19:30:00.000Z",true,"5e9e4502f509094188566f88","5e9d0d95eda69973a809d1ec","5eb0e4d1b6c3bb0006eeb255"
94,"CCtCap Demo Mission 2","2020-05-30T19:22:00.000Z",true,"5e9e4502f509094188566f88","5e9d0d95eda69973a809d1ec","5eb0e4d1b6c3bb0006eeb257"
95,"Starlink-7","2020-06-04T01:25:00.000Z",true,"5e9e4501f509094ba4566f84","5e9d0d95eda69973a809d1ec","5eb0e4d1b6c3bb0006eeb256"
96,"Starlink-8 & SkySat 16-18","2020-06-13T09:21:00.000Z",true,"5e9e4501f509094ba4566f84","5e9d0d95eda69973a809d1ec","5eb0e4d1b6c3bb0006eeb258"
97,"GPS III SV03 (Columbus)","2020-06-30T19:55:00.000Z",true,"5e9e4501f509094ba4566f84","5e9d0d95eda69973a809d1ec","5eb0e4d2b6c3bb0006eeb25c"
98,"ANASIS-II","2020-07-20T21:30:00.000Z",true,"5e9e4501f509094ba4566f84","5e9d0d95eda69973a809d1ec","5eb0e4d2b6c3bb0006eeb25b"
99,"Starlink-9 (v1.0) & BlackSky Global 5-6","2020-08-07T05:12:00.000Z",true,"5e9e4502f509094188566f88","5e9d0d95eda69973a809d1ec","5ed9858b1f30554030d45c3e"
99,"Starlink-9 (v1.0) & BlackSky Global 5-6","2020-08-07T05:12:00.000Z",true,"5e9e4502f509094188566f88","5e9d0d95eda69973a809d1ec","5ee522e32f1f3d474c758123"
100,"Starlink-10 (v1.0) & SkySat 19-21","2020-08-18T14:31:00.000Z",true,"5e9e4501f509094ba4566f84","5e9d0d95eda69973a809d1ec","5ed9859f1f30554030d45c3f"
101,"SAOCOM 1B, GNOMES-1, Tyvak-0172","2020-08-30T23:18:00.000Z",true,"5e9e4501f509094ba4566f84","5e9d0d95eda69973a809d1ec","5eb0e4d1b6c3bb0006eeb259"
102,"Starlink-11 (v1.0)","2020-09-03T12:46:00.000Z",true,"5e9e4502f509094188566f88","5e9d0d95eda69973a809d1ec","5ef6a4600059c33cee4a829e"
103,"Starlink-12 (v1.0)","2020-10-06T11:29:00.000Z",true,"5e9e4502f509094188566f88","5e9d0d95eda69973a809d1ec","5ef6a48e0059c33cee4a829f"
104,"Starlink-13 (v1.0)","2020-10-18T12:25:00.000Z",true,"5e9e4502f509094188566f88","5e9d0d95eda69973a809d1ec","5ef6a4d50059c33cee4a82a1"
105,"Starlink-14 (v1.0)","2020-10-24T15:31:00.000Z",true,"5e9e4501f509094ba4566f84","5e9d0d95eda69973a809d1ec","5ef6a4ea0059c33cee4a82a2"
106,"GPS III SV04 (Sacagawea)","2020-11-05T23:24:00.000Z",true,"5e9e4501f509094ba4566f84","5e9d0d95eda69973a809d1ec","5eb0e4d2b6c3bb0006eeb25e"
107,"Crew-1","2020-11-16T00:27:00.000Z",true,"5e9e4502f509094188566f88","5e9d0d95eda69973a809d1ec","5eb0e4d2b6c3bb0006eeb25f"
108,"Sentinel-6 Michael Freilich","2020-11-21T17:17:00.000Z",true,"5e9e4502f509092b78566f87","5e9d0d95eda69973a809d1ec","5ed9867c1f30554030d45c40"
109,"Starlink-15 (v1.0)","2020-11-25T02:13:00.000Z",true,"5e9e4501f509094ba4566f84","5e9d0d95eda69973a809d1ec","5fb95c263a88ae63c9546044"
110,"CRS-21","2020-12-06T16:17:00.000Z",true,"5e9e4502f509094188566f88","5e9d0d95eda69973a809d1ec","5eb0e4d3b6c3bb0006eeb262"
111,"SXM-7","2020-12-13T17:30:00.000Z",true,"5e9e4501f509094ba4566f84","5e9d0d95eda69973a809d1ec","5eb0e4d2b6c3bb0006eeb25d"
112,"NROL-108","2020-12-19T14:00:00.000Z",true,"5e9e4502f509094188566f88","5e9d0d95eda69973a809d1ec","5f839ac7818d8b59f5740d48"
113,"Turksat 5A","2021-01-08T02:15:00.000Z",true,"5e9e4501f509094ba4566f84","5e9d0d95eda69973a809d1ec","5eb0e4d3b6c3bb0006eeb264"
114,"Starlink-16 (v1.0)","2021-01-20T13:02:00.000Z",true,"5e9e4502f509094188566f88","5e9d0d95eda69973a809d1ec","5fbfedba54ceb10a5664c813"
115,"Transporter-1","2021-01-24T15:00:00.000Z",true,"5e9e4501f509094ba4566f84","5e9d0d95eda69973a809d1ec","5fd3871a7faea57d297c86c6"
116,"Starlink-18 (v1.0)","2021-02-04T06:19:00.000Z",true,"5e9e4501f509094ba4566f84","5e9d0d95eda69973a809d1ec","5ff655769257f579ee3a6c64"
117,"Starlink-19 (v1.0)","2021-02-16T03:59:00.000Z",true,"5e9e4501f509094ba4566f84","5e9d0d95eda69973a809d1ec","600f9bc08f798e2a4d5f97a4"
118,"Starlink-17 (v1.0)","2021-03-04T08:24:00.000Z",true,"5e9e4502f509094188566f88","5e9d0d95eda69973a809d1ec","5fbfedc654ceb10a5664c814"
119,"Starlink-20 (v1.0)","2021-03-11T08:13:00.000Z",true,"5e9e4501f509094ba4566f84","5e9d0d95eda69973a809d1ec","600f9bcb8f798e2a4d5f97a5"
120,"Starlink-21 (v1.0)","2021-03-14T10:01:00.000Z",true,"5e9e4502f509094188566f88","5e9d0d95eda69973a809d1ec","600f9bd88f798e2a4d5f97a6"
121,"Starlink-22 (v1.0)","2021-03-24T08:28:00.000Z",true,"5e9e4501f509094ba4566f84","5e9d0d95eda69973a809d1ec","60428afbc041c16716f73cdd"
122,"Starlink-23 (v1.0)","2021-04-07T16:34:00.000Z",true,"5e9e4501f509094ba4566f84","5e9d0d95eda69973a809d1ec","60428b02c041c16716f73cde"
123,"Crew-2","2021-04-23T09:49:00.000Z",true,"5e9e4502f509094188566f88","5e9d0d95eda69973a809d1ec","5fe3b3adb3467846b3242173"
124,"Starlink-24 (v1.0)","2021-04-29T03:44:00.000Z",true,"5e9e4501f509094ba4566f84","5e9d0d95eda69973a809d1ec","605b4be3aa5433645e37d046"
125,"Starlink-25 (v1.0)","2021-05-04T19:01:00.000Z",true,"5e9e4502f509094188566f88","5e9d0d95eda69973a809d1ec","605b4befaa5433645e37d047"
126,"Starlink-27 (v1.0)","2021-05-09T06:42:00.000Z",true,"5e9e4501f509094ba4566f84","5e9d0d95eda69973a809d1ec","6079bd5e9a06446e8c61bf7c"
127,"Starlink-26 (v1.0) + Capella-6 + Tyvak-0130","2021-05-15T22:54:00.000Z",true,"5e9e4502f509094188566f88","5e9d0d95eda69973a809d1ec","605b4bfcaa5433645e37d048"
127,"Starlink-26 (v1.0) + Capella-6 + Tyvak-0130","2021-05-15T22:54:00.000Z",true,"5e9e4502f509094188566f88","5e9d0d95eda69973a809d1ec","609f48374a12e4692eae4667"
127,"Starlink-26 (v1.0) + Capella-6 + Tyvak-0130","2021-05-15T22:54:00.000Z",true,"5e9e4502f509094188566f88","5e9d0d95eda69973a809d1ec","609f49c64a12e4692eae4668"
128,"Starlink-28 (v1.0)","2021-05-26T18:59:00.000Z",true,"5e9e4501f509094ba4566f84","5e9d0d95eda69973a809d1ec","6079bd679a06446e8c61bf7d"
129,"CRS-22 & IROSA","2021-06-03T17:29:00.000Z",true,"5e9e4502f509094188566f88","5e9d0d95eda69973a809d1ec","5fe3b642b3467846b324217b"
130,"SXM-8","2021-06-06T04:26:00.000Z",true,"5e9e4501f509094ba4566f84","5e9d0d95eda69973a809d1ec","5fe3b57db3467846b324217a"
131,"GPS III SV05","2021-06-17T16:09:00.000Z",true,"5e9e4501f509094ba4566f84","5e9d0d95eda69973a809d1ec","5eb0e4d2b6c3bb0006eeb261"
132,"Transporter-2","2021-06-30T19:31:00.000Z",true,"5e9e4501f509094ba4566f84","5e9d0d95eda69973a809d1ec","608ac397eb3e50044e3630e7"
133,"CRS-23","2021-08-29T07:14:00.000Z",true,"5e9e4502f509094188566f88","5e9d0d95eda69973a809d1ec","5fe3c4f2b3467846b3242193"
134,"Starlink 2-1 (v1.5)","2021-09-14T03:55:00.000Z",true,"5e9e4502f509092b78566f87","5e9d0d95eda69973a809d1ec","60e3bf3373359e1e20335c3c"
135,"Inspiration4","2021-09-16T00:02:00.000Z",true,"5e9e4502f509094188566f88","5e9d0d95eda69973a809d1ec","607a382f5a906a44023e0867"
136,"Crew-3","2021-11-11T02:03:00.000Z",true,"5e9e4502f509094188566f88","5e9d0d95eda69973a809d1ec","5fe3b3bab3467846b3242174"
137,"Starlink 4-1 (v1.5)","2021-11-13T12:40:00.000Z",true,"5e9e4501f509094ba4566f84","5e9d0d95eda69973a809d1ec","618fabf0563d69573ed8caa6"
138,"DART","2021-11-24T06:20:00.000Z",true,"5e9e4502f509092b78566f87","5e9d0d95eda69973a809d1ec","5fe3c4a6b3467846b3242192"
139,"Starlink 4-3 (v1.5)","2021-12-01T23:20:00.000Z",true,"5e9e4501f509094ba4566f84","5e9d0d95eda69973a809d1ec","6161d0f26db1a92bfba85355"
140,"IXPE","2021-12-09T06:00:00.000Z",true,"5e9e4502f509094188566f88","5e9d0d95eda69973a809d1ec","61c1f395a4a2462678cbf46e"
141,"Starlink 4-4 (v1.5)","2021-12-18T12:41:40.000Z",true,"5e9e4502f509092b78566f87","5e9d0d95eda69973a809d1ec","61bbac16437241381bf70632"
142,"Türksat 5B","2021-12-19T03:58:00.000Z",true,"5e9e4501f509094ba4566f84","5e9d0d95eda69973a809d1ec","5fe3c080b3467846b3242190"
143,"CRS-24","2021-12-21T10:06:00.000Z",true,"5e9e4502f509094188566f88","5e9d0d95eda69973a809d1ec","6161d22a6db1a92bfba85357"
144,"Starlink 4-5 (v1.5)","2022-01-06T21:49:00.000Z",true,"5e9e4502f509094188566f88","5e9d0d95eda69973a809d1ec","61d5ece4f88e4c5fc91f1ebb"
145,"Transporter-3","2022-01-13T15:25:00.000Z",true,"5e9e4501f509094ba4566f84","5e9d0d95eda69973a809d1ec","6175aaacefa4314085aa9c56"
146,"Starlink 4-6 (v1.5)","2022-01-19T00:04:00.000Z",true,"5e9e4502f509094188566f88","5e9d0d95eda69973a809d1ec","61e05516be8d8b66799018d4"
147,"CSG-2","2022-01-31T23:11:12.000Z",true,"5e9e4501f509094ba4566f84","5e9d0d95eda69973a809d1ec","6161d3a06db1a92bfba8535a"
148,"NROL-87","2022-02-02T20:18:00.000Z",true,"5e9e4502f509092b78566f87","5e9d0d95eda69973a809d1ec","6175aaacefa4314085aa9c56"
149,"Starlink 4-7 (v1.5)","2022-02-03T18:13:00.000Z",true,"5e9e4502f509094188566f88","5e9d0d95eda69973a809d1ec","61e05520be8d8b66799018d5"
150,"Starlink 4-8 (v1.5)","2022-02-21T14:44:00.000Z",true,"5e9e4501f509094ba4566f84","5e9d0d95eda69973a809d1ec","61fc02e1e0dc5662b76489b4"
151,"Starlink 4-11 (v1.5)","2022-02-25T17:12:00.000Z",true,"5e9e4502f509092b78566f87","5e9d0d95eda69973a809d1ec","61fc0334e0dc5662b76489b5"
152,"Starlink 4-9 (v1.5)","2022-03-03T14:35:00.000Z",true,"5e9e4502f509094188566f88","5e9d0d95eda69973a809d1ec","61fc0379e0dc5662b76489b6"
153,"Starlink 4-10 (v1.5)","2022-03-09T13:45:00.000Z",true,"5e9e4501f509094ba4566f84","5e9d0d95eda69973a809d1ec","61fc0382e0dc5662b76489b7"
154,"Starlink 4-12 (v1.5)","2022-03-19T03:24:00.000Z",true,"5e9e4501f509094ba4566f84","5e9d0d95eda69973a809d1ec","623491e5f051102e1fcedac9"
155,"Transporter-4","2022-04-01T16:24:00.000Z",true,"5e9e4501f509094ba4566f84","5e9d0d95eda69973a809d1ec","6243af62af52800c6e919260"
156,"Ax-1","2022-04-08T15:17:00.000Z",true,"5e9e4502f509094188566f88","5e9d0d95eda69973a809d1ec","61eefb129eb1064137a1bd74"
157,"NROL-85","2022-04-17T13:13:00.000Z",true,"5e9e4502f509092b78566f87","5e9d0d95eda69973a809d1ec","6243b036af52800c6e919262"
158,"Starlink 4-14 (v1.5)","2022-04-21T15:16:00.000Z",true,"5e9e4501f509094ba4566f84","5e9d0d95eda69973a809d1ec","6243af9faf52800c6e919261"
159,"Crew-4","2022-04-27T07:52:00.000Z",true,"5e9e4502f509094188566f88","5e9d0d95eda69973a809d1ec","6243b1cdaf52800c6e919265"
160,"Starlink 4-16 (v1.5)","2022-04-29T21:27:00.000Z",true,"5e9e4501f509094ba4566f84","5e9d0d95eda69973a809d1ec","62582aa55988f159024b964d"
161,"Starlink 4-17 (v1.5)","2022-05-06T09:42:00.000Z",true,"5e9e4502f509094188566f88","5e9d0d95eda69973a809d1ec","62582aad5988f159024b964e"
162,"Starlink 4-13 (v1.5)","2022-05-13T22:07:00.000Z",true,"5e9e4502f509092b78566f87","5e9d0d95eda69973a809d1ec","625829d75988f159024b9649"
163,"Starlink 4-15 (v1.5)","2022-05-14T20:40:00.000Z",true,"5e9e4501f509094ba4566f84","5e9d0d95eda69973a809d1ec","625829cf5988f159024b9648"
164,"Starlink 4-18 (v1.5)","2022-05-18T10:40:00.000Z",true,"5e9e4502f509094188566f88","5e9d0d95eda69973a809d1ec","62615ee40ec008379be596fd"
165,"Transporter-5","2022-05-25T18:27:00.000Z",true,"5e9e4501f509094ba4566f84","5e9d0d95eda69973a809d1ec","6243b39daf52800c6e919267"
166,"Nilesat-301","2022-06-08T21:04:00.000Z",true,"5e9e4501f509094ba4566f84","5e9d0d95eda69973a809d1ec","6243b286af52800c6e919266"
167,"Starlink 4-19 (v1.5)","2022-06-01T17:08:50.000Z",true,"5e9e4502f509094188566f88","5e9d0d95eda69973a809d1ec","6278484e57b51b752c5c5a63"
168,"SARah 1","2022-06-18T14:19:00.000Z",true,"5e9e4502f509092b78566f87","5e9d0d95eda69973a809d1ec","5fe3b2abb3467846b3242172"
169,"Globalstar FM15","2022-06-19T04:27:00.000Z",true,"5e9e4501f509094ba4566f84","5e9d0d95eda69973a809d1ec","62adecbcd26f4f711fa53848"
170,"SES-22","2022-06-29T21:04:00.000Z",true,"5e9e4501f509094ba4566f84","5e9d0d95eda69973a809d1ec","6243b93caf52800c6e91926f"
171,"Starlink 4-21 (v1.5)","2022-07-07T13:11:00.000Z",true,"5e9e4501f509094ba4566f84","5e9d0d95eda69973a809d1ec","630bccc6d36448026ab01639"
172,"Starlink 3-1 (v1.5)","2022-07-11T01:39:00.000Z",,"5e9e4502f509092b78566f87","5e9d0d95eda69973a809d1ec","630bccd6d36448026ab0163a"
173,"CRS-25","2022-07-15T00:44:00.000Z",true,"5e9e4502f509094188566f88","5e9d0d95eda69973a809d1ec","6243b835af52800c6e91926d"
174,"Starlink 4-22 (v1.5)","2022-07-17T14:50:00.000Z",true,"5e9e4501f509094ba4566f84","5e9d0d95eda69973a809d1ec","630bce10d36448026ab0163b"
175,"Starlink 3-2 (v1.5)","2022-07-21T17:13:00.000Z",true,"5e9e4502f509092b78566f87","5e9d0d95eda69973a809d1ec","630bce49d36448026ab0163c"
176,"Starlink 4-25 (v1.5)","2022-07-24T00:00:00.000Z",true,"5e9e4501f509094ba4566f84","5e9d0d95eda69973a809d1ec","630bce79d36448026ab0163d"
177,"KPLO","2022-08-04T23:08:00.000Z",true,"5e9e4501f509094ba4566f84","5e9d0d95eda69973a809d1ec","630bcfe1d36448026ab01641"
178,"Starlink 4-26 (v1.5)","2022-08-09T22:57:00.000Z",true,"5e9e4502f509094188566f88","5e9d0d95eda69973a809d1ec","630bcea1d36448026ab0163e"
179,"Starlink 3-3 (v1.5)","2022-08-12T21:30:00.000Z",true,"5e9e4502f509092b78566f87","5e9d0d95eda69973a809d1ec","630bceb8d36448026ab01640"
180,"Starlink 4-27 (v1.5)","2022-08-19T19:24:00.000Z",true,"5e9e4501f509094ba4566f84","5e9d0d95eda69973a809d1ec","630bceadd36448026ab0163f"
181,"Starlink 4-23 (v1.5)","2022-08-28T02:22:00.000Z",true,"5e9e4502f509094188566f88","5e9d0d95eda69973a809d1ec","631614d7ffc78f3b85670716"
182,"Starlink 3-4 (v1.5)","2022-08-31T05:40:00.000Z",true,"5e9e4502f509092b78566f87","5e9d0d95eda69973a809d1ec","630f63bf18702d4844fb5391"
183,"Starlink 4-20 (v1.5) & Sherpa LTC-2/Varuna-TDM","2022-09-05T02:09:00.000Z",true,"5e9e4501f509094ba4566f84","5e9d0d95eda69973a809d1ec","631614e9ffc78f3b85670717"
183,"Starlink 4-20 (v1.5) & Sherpa LTC-2/Varuna-TDM","2022-09-05T02:09:00.000Z",true,"5e9e4501f509094ba4566f84","5e9d0d95eda69973a809d1ec","631617fbffc78f3b8567071d"
184,"Starlink 4-2 (v1.5) & Blue Walker 3","2022-09-11T01:10:00.000Z",true,"5e9e4502f509094188566f88","5e9d0d95eda69973a809d1ec","63161610ffc78f3b85670718"
184,"Starlink 4-2 (v1.5) & Blue Walker 3","2022-09-11T01:10:00.000Z",true,"5e9e4502f509094188566f88","5e9d0d95eda69973a809d1ec","63161872ffc78f3b8567071e"
185,"Starlink 4-34 (v1.5)","2022-09-17T01:05:00.000Z",true,"5e9e4501f509094ba4566f84","5e9d0d95eda69973a809d1ec","63161699ffc78f3b85670719"
186,"Starlink 4-35 (v1.5)","2022-09-24T23:30:00.000Z",true,"5e9e4501f509094ba4566f84","5e9d0d95eda69973a809d1ec","631616a7ffc78f3b8567071a"
187,"Crew-5","2022-10-05T16:00:00.000Z",true,"5e9e4502f509094188566f88","5e9d0d95eda69973a809d1ec","62dd73ed202306255024d145"
